timestamp,open,high,low,close,coin,market_cap_usd,total_volume_usd,market_cap_rank,sentiment_votes_up_pct,price_change_pct_7d,price_change_pct_30d,ath_change_pct,circulating_supply,total_supply,fear_greed_index,collected_at
2025-04-06,83828.0,84173.0,82395.0,83596.0,bitcoin,1340619269853.0,16563721112.0,1.0,83.06,0.62723,-5.0492,-46.85991,20011656.0,20011656.0,12,2026-04-05T10:05:48.351892
2025-04-10,83514.0,83668.0,74604.0,82622.0,bitcoin,1340619269853.0,16563721112.0,1.0,83.06,0.62723,-5.0492,-46.85991,20011656.0,20011656.0,12,2026-04-05T10:05:48.351892
2025-04-14,82595.0,85732.0,78669.0,83601.0,bitcoin,1340619269853.0,16563721112.0,1.0,83.06,0.62723,-5.0492,-46.85991,20011656.0,20011656.0,12,2026-04-05T10:05:48.351892
2025-04-18,83637.0,86186.0,83219.0,84931.0,bitcoin,1340619269853.0,16563721112.0,1.0,83.06,0.62723,-5.0492,-46.85991,20011656.0,20011656.0,12,2026-04-05T10:05:48.351892
2025-04-22,84940.0,88260.0,84038.0,87452.0,bitcoin,1340619269853.0,16563721112.0,1.0,83.06,0.62723,-5.0492,-46.85991,20011656.0,20011656.0,12,2026-04-05T10:05:48.351892
2025-04-26,87501.0,95564.0,87366.0,94773.0,bitcoin,1340619269853.0,16563721112.0,1.0,83.06,0.62723,-5.0492,-46.85991,20011656.0,20011656.0,12,2026-04-05T10:05:48.351892
2025-04-30,94739.0,95491.0,92953.0,94256.0,bitcoin,1340619269853.0,16563721112.0,1.0,83.06,0.62723,-5.0492,-46.85991,20011656.0,20011656.0,12,2026-04-05T10:05:48.351892
2025-05-04,94275.0,97822.0,93334.0,95923.0,bitcoin,1340619269853.0,16563721112.0,1.0,83.06,0.62723,-5.0492,-46.85991,20011656.0,20011656.0,12,2026-04-05T10:05:48.351892
2025-05-08,95893.0,97512.0,93592.0,97026.0,bitcoin,1340619269853.0,16563721112.0,1.0,83.06,0.62723,-5.0492,-46.85991,20011656.0,20011656.0,12,2026-04-05T10:05:48.351892
2025-05-12,97036.0,104841.0,96965.0,103994.0,bitcoin,1340619269853.0,16563721112.0,1.0,83.06,0.62723,-5.0492,-46.85991,20011656.0,20011656.0,12,2026-04-05T10:05:48.351892
2025-05-16,104083.0,105503.0,101109.0,103709.0,bitcoin,1340619269853.0,16563721112.0,1.0,83.06,0.62723,-5.0492,-46.85991,20011656.0,20011656.0,12,2026-04-05T10:05:48.351892
2025-05-20,103749.0,106518.0,102381.0,105629.0,bitcoin,1340619269853.0,16563721112.0,1.0,83.06,0.62723,-5.0492,-46.85991,20011656.0,20011656.0,12,2026-04-05T10:05:48.351892
2025-05-24,105614.0,111814.0,104386.0,107217.0,bitcoin,1340619269853.0,16563721112.0,1.0,83.06,0.62723,-5.0492,-46.85991,20011656.0,20011656.0,12,2026-04-05T10:05:48.351892
2025-05-28,107156.0,110407.0,106802.0,109068.0,bitcoin,1340619269853.0,16563721112.0,1.0,83.06,0.62723,-5.0492,-46.85991,20011656.0,20011656.0,12,2026-04-05T10:05:48.351892
2025-06-01,109010.0,109104.0,103296.0,104688.0,bitcoin,1340619269853.0,16563721112.0,1.0,83.06,0.62723,-5.0492,-46.85991,20011656.0,20011656.0,12,2026-04-05T10:05:48.351892
2025-06-05,104686.0,106807.0,103939.0,104813.0,bitcoin,1340619269853.0,16563721112.0,1.0,83.06,0.62723,-5.0492,-46.85991,20011656.0,20011656.0,12,2026-04-05T10:05:48.351892
2025-06-09,104803.0,106365.0,100783.0,105692.0,bitcoin,1340619269853.0,16563721112.0,1.0,83.06,0.62723,-5.0492,-46.85991,20011656.0,20011656.0,12,2026-04-05T10:05:48.351892
2025-06-13,105724.0,110282.0,105426.0,105979.0,bitcoin,1340619269853.0,16563721112.0,1.0,83.06,0.62723,-5.0492,-46.85991,20011656.0,20011656.0,12,2026-04-05T10:05:48.351892
2025-06-17,105898.0,108785.0,103081.0,106951.0,bitcoin,1340619269853.0,16563721112.0,1.0,83.06,0.62723,-5.0492,-46.85991,20011656.0,20011656.0,12,2026-04-05T10:05:48.351892
2025-06-21,106842.0,107644.0,102624.0,103290.0,bitcoin,1340619269853.0,16563721112.0,1.0,83.06,0.62723,-5.0492,-46.85991,20011656.0,20011656.0,12,2026-04-05T10:05:48.351892
2025-06-25,103292.0,106129.0,98467.0,105976.0,bitcoin,1340619269853.0,16563721112.0,1.0,83.06,0.62723,-5.0492,-46.85991,20011656.0,20011656.0,12,2026-04-05T10:05:48.351892
2025-06-29,106036.0,108116.0,105985.0,107332.0,bitcoin,1340619269853.0,16563721112.0,1.0,83.06,0.62723,-5.0492,-46.85991,20011656.0,20011656.0,12,2026-04-05T10:05:48.351892
2025-07-03,107333.0,109608.0,105402.0,108824.0,bitcoin,1340619269853.0,16563721112.0,1.0,83.06,0.62723,-5.0492,-46.85991,20011656.0,20011656.0,12,2026-04-05T10:05:48.351892
2025-07-07,108876.0,110386.0,107386.0,109215.0,bitcoin,1340619269853.0,16563721112.0,1.0,83.06,0.62723,-5.0492,-46.85991,20011656.0,20011656.0,12,2026-04-05T10:05:48.351892
2025-07-11,109222.0,116462.0,107591.0,115880.0,bitcoin,1340619269853.0,16563721112.0,1.0,83.06,0.62723,-5.0492,-46.85991,20011656.0,20011656.0,12,2026-04-05T10:05:48.351892
2025-07-15,115961.0,122838.0,115548.0,119834.0,bitcoin,1340619269853.0,16563721112.0,1.0,83.06,0.62723,-5.0492,-46.85991,20011656.0,20011656.0,12,2026-04-05T10:05:48.351892
2025-07-19,119849.0,120689.0,116094.0,117989.0,bitcoin,1340619269853.0,16563721112.0,1.0,83.06,0.62723,-5.0492,-46.85991,20011656.0,20011656.0,12,2026-04-05T10:05:48.351892
2025-07-23,118003.0,120222.0,116779.0,119956.0,bitcoin,1340619269853.0,16563721112.0,1.0,83.06,0.62723,-5.0492,-46.85991,20011656.0,20011656.0,12,2026-04-05T10:05:48.351892
2025-07-27,119959.0,119959.0,115086.0,117960.0,bitcoin,1340619269853.0,16563721112.0,1.0,83.06,0.62723,-5.0492,-46.85991,20011656.0,20011656.0,12,2026-04-05T10:05:48.351892
2025-07-31,117906.0,119754.0,116079.0,117833.0,bitcoin,1340619269853.0,16563721112.0,1.0,83.06,0.62723,-5.0492,-46.85991,20011656.0,20011656.0,12,2026-04-05T10:05:48.351892
2025-08-04,117828.0,118865.0,112113.0,114199.0,bitcoin,1340619269853.0,16563721112.0,1.0,83.06,0.62723,-5.0492,-46.85991,20011656.0,20011656.0,12,2026-04-05T10:05:48.351892
2025-08-08,114235.0,117596.0,112770.0,117463.0,bitcoin,1340619269853.0,16563721112.0,1.0,83.06,0.62723,-5.0492,-46.85991,20011656.0,20011656.0,12,2026-04-05T10:05:48.351892
2025-08-12,117483.0,122227.0,115979.0,118774.0,bitcoin,1340619269853.0,16563721112.0,1.0,83.06,0.62723,-5.0492,-46.85991,20011656.0,20011656.0,12,2026-04-05T10:05:48.351892
2025-08-16,118727.0,124128.0,116956.0,117340.0,bitcoin,1340619269853.0,16563721112.0,1.0,83.06,0.62723,-5.0492,-46.85991,20011656.0,20011656.0,12,2026-04-05T10:05:48.351892
2025-08-20,117397.0,118514.0,112778.0,112778.0,bitcoin,1340619269853.0,16563721112.0,1.0,83.06,0.62723,-5.0492,-46.85991,20011656.0,20011656.0,12,2026-04-05T10:05:48.351892
2025-08-24,112896.0,117310.0,111764.0,115360.0,bitcoin,1340619269853.0,16563721112.0,1.0,83.06,0.62723,-5.0492,-46.85991,20011656.0,20011656.0,12,2026-04-05T10:05:48.351892
2025-08-28,115333.0,115549.0,109214.0,111216.0,bitcoin,1340619269853.0,16563721112.0,1.0,83.06,0.62723,-5.0492,-46.85991,20011656.0,20011656.0,12,2026-04-05T10:05:48.351892
2025-09-01,111241.0,113329.0,107682.0,108253.0,bitcoin,1340619269853.0,16563721112.0,1.0,83.06,0.62723,-5.0492,-46.85991,20011656.0,20011656.0,12,2026-04-05T10:05:48.351892
2025-09-05,108226.0,112502.0,107295.0,110725.0,bitcoin,1340619269853.0,16563721112.0,1.0,83.06,0.62723,-5.0492,-46.85991,20011656.0,20011656.0,12,2026-04-05T10:05:48.351892
2025-09-09,110752.0,113225.0,110032.0,112025.0,bitcoin,1340619269853.0,16563721112.0,1.0,83.06,0.62723,-5.0492,-46.85991,20011656.0,20011656.0,12,2026-04-05T10:05:48.351892
2025-09-13,112080.0,116705.0,110822.0,116160.0,bitcoin,1340619269853.0,16563721112.0,1.0,83.06,0.62723,-5.0492,-46.85991,20011656.0,20011656.0,12,2026-04-05T10:05:48.351892
2025-09-17,116092.0,116970.0,114509.0,116763.0,bitcoin,1340619269853.0,16563721112.0,1.0,83.06,0.62723,-5.0492,-46.85991,20011656.0,20011656.0,12,2026-04-05T10:05:48.351892
2025-09-21,116797.0,117888.0,114940.0,115716.0,bitcoin,1340619269853.0,16563721112.0,1.0,83.06,0.62723,-5.0492,-46.85991,20011656.0,20011656.0,12,2026-04-05T10:05:48.351892
2025-09-25,115723.0,115858.0,111369.0,113321.0,bitcoin,1340619269853.0,16563721112.0,1.0,83.06,0.62723,-5.0492,-46.85991,20011656.0,20011656.0,12,2026-04-05T10:05:48.351892
2025-09-29,113317.0,113492.0,108776.0,112143.0,bitcoin,1340619269853.0,16563721112.0,1.0,83.06,0.62723,-5.0492,-46.85991,20011656.0,20011656.0,12,2026-04-05T10:05:48.351892
2025-10-03,112179.0,121044.0,111599.0,120612.0,bitcoin,1340619269853.0,16563721112.0,1.0,83.06,0.62723,-5.0492,-46.85991,20011656.0,20011656.0,12,2026-04-05T10:05:48.351892
2025-10-07,120515.0,126080.0,119514.0,124774.0,bitcoin,1340619269853.0,16563721112.0,1.0,83.06,0.62723,-5.0492,-46.85991,20011656.0,20011656.0,12,2026-04-05T10:05:48.351892
2025-10-11,124740.0,125108.0,105896.0,113202.0,bitcoin,1340619269853.0,16563721112.0,1.0,83.06,0.62723,-5.0492,-46.85991,20011656.0,20011656.0,12,2026-04-05T10:05:48.351892
2025-10-15,113044.0,115934.0,109862.0,113157.0,bitcoin,1340619269853.0,16563721112.0,1.0,83.06,0.62723,-5.0492,-46.85991,20011656.0,20011656.0,12,2026-04-05T10:05:48.351892
2025-10-19,113066.0,113527.0,103856.0,107156.0,bitcoin,1340619269853.0,16563721112.0,1.0,83.06,0.62723,-5.0492,-46.85991,20011656.0,20011656.0,12,2026-04-05T10:05:48.351892
2025-10-23,107210.0,113804.0,106222.0,107618.0,bitcoin,1340619269853.0,16563721112.0,1.0,83.06,0.62723,-5.0492,-46.85991,20011656.0,20011656.0,12,2026-04-05T10:05:48.351892
2025-10-27,107591.0,114816.0,107581.0,114476.0,bitcoin,1340619269853.0,16563721112.0,1.0,83.06,0.62723,-5.0492,-46.85991,20011656.0,20011656.0,12,2026-04-05T10:05:48.351892
2025-10-31,114419.0,116041.0,106464.0,108241.0,bitcoin,1340619269853.0,16563721112.0,1.0,83.06,0.62723,-5.0492,-46.85991,20011656.0,20011656.0,12,2026-04-05T10:05:48.351892
2025-11-04,108409.0,111130.0,105540.0,106521.0,bitcoin,1340619269853.0,16563721112.0,1.0,83.06,0.62723,-5.0492,-46.85991,20011656.0,20011656.0,12,2026-04-05T10:05:48.351892
2025-11-08,106452.0,107189.0,99076.0,103396.0,bitcoin,1340619269853.0,16563721112.0,1.0,83.06,0.62723,-5.0492,-46.85991,20011656.0,20011656.0,12,2026-04-05T10:05:48.351892
2025-11-12,103192.0,107357.0,101490.0,102961.0,bitcoin,1340619269853.0,16563721112.0,1.0,83.06,0.62723,-5.0492,-46.85991,20011656.0,20011656.0,12,2026-04-05T10:05:48.351892
2025-11-16,103112.0,105257.0,94138.0,95508.0,bitcoin,1340619269853.0,16563721112.0,1.0,83.06,0.62723,-5.0492,-46.85991,20011656.0,20011656.0,12,2026-04-05T10:05:48.351892
2025-11-20,95380.0,96528.0,88540.0,91363.0,bitcoin,1340619269853.0,16563721112.0,1.0,83.06,0.62723,-5.0492,-46.85991,20011656.0,20011656.0,12,2026-04-05T10:05:48.351892
2025-11-24,91408.0,92944.0,81051.0,86784.0,bitcoin,1340619269853.0,16563721112.0,1.0,83.06,0.62723,-5.0492,-46.85991,20011656.0,20011656.0,12,2026-04-05T10:05:48.351892
2025-11-28,86740.0,91850.0,85546.0,91279.0,bitcoin,1340619269853.0,16563721112.0,1.0,83.06,0.62723,-5.0492,-46.85991,20011656.0,20011656.0,12,2026-04-05T10:05:48.351892
2025-12-02,91324.0,92849.0,83989.0,86281.0,bitcoin,1340619269853.0,16563721112.0,1.0,83.06,0.62723,-5.0492,-46.85991,20011656.0,20011656.0,12,2026-04-05T10:05:48.351892
2025-12-06,86304.0,94001.0,86259.0,89307.0,bitcoin,1340619269853.0,16563721112.0,1.0,83.06,0.62723,-5.0492,-46.85991,20011656.0,20011656.0,12,2026-04-05T10:05:48.351892
2025-12-10,89264.0,94490.0,87887.0,92723.0,bitcoin,1340619269853.0,16563721112.0,1.0,83.06,0.62723,-5.0492,-46.85991,20011656.0,20011656.0,12,2026-04-05T10:05:48.351892
2025-12-14,92686.0,94177.0,89426.0,90257.0,bitcoin,1340619269853.0,16563721112.0,1.0,83.06,0.62723,-5.0492,-46.85991,20011656.0,20011656.0,12,2026-04-05T10:05:48.351892
2025-12-18,90253.0,90469.0,85374.0,86065.0,bitcoin,1340619269853.0,16563721112.0,1.0,83.06,0.62723,-5.0492,-46.85991,20011656.0,20011656.0,12,2026-04-05T10:05:48.351892
2025-12-22,86197.0,89220.0,84581.0,88577.0,bitcoin,1340619269853.0,16563721112.0,1.0,83.06,0.62723,-5.0492,-46.85991,20011656.0,20011656.0,12,2026-04-05T10:05:48.351892
2025-12-26,88672.0,90353.0,86576.0,87230.0,bitcoin,1340619269853.0,16563721112.0,1.0,83.06,0.62723,-5.0492,-46.85991,20011656.0,20011656.0,12,2026-04-05T10:05:48.351892
2025-12-30,87192.0,90230.0,86674.0,87157.0,bitcoin,1340619269853.0,16563721112.0,1.0,83.06,0.62723,-5.0492,-46.85991,20011656.0,20011656.0,12,2026-04-05T10:05:48.351892
2026-01-03,87155.0,90789.0,86855.0,89926.0,bitcoin,1340619269853.0,16563721112.0,1.0,83.06,0.62723,-5.0492,-46.85991,20011656.0,20011656.0,12,2026-04-05T10:05:48.351892
2026-01-07,89951.0,94634.0,89401.0,93667.0,bitcoin,1340619269853.0,16563721112.0,1.0,83.06,0.62723,-5.0492,-46.85991,20011656.0,20011656.0,12,2026-04-05T10:05:48.351892
2026-01-11,93647.0,93647.0,89343.0,90442.0,bitcoin,1340619269853.0,16563721112.0,1.0,83.06,0.62723,-5.0492,-46.85991,20011656.0,20011656.0,12,2026-04-05T10:05:48.351892
2026-01-15,90392.0,97705.0,90129.0,97008.0,bitcoin,1340619269853.0,16563721112.0,1.0,83.06,0.62723,-5.0492,-46.85991,20011656.0,20011656.0,12,2026-04-05T10:05:48.351892
2026-01-19,96934.0,97113.0,93753.0,93753.0,bitcoin,1340619269853.0,16563721112.0,1.0,83.06,0.62723,-5.0492,-46.85991,20011656.0,20011656.0,12,2026-04-05T10:05:48.351892
2026-01-23,93636.0,93636.0,87304.0,89443.0,bitcoin,1340619269853.0,16563721112.0,1.0,83.06,0.62723,-5.0492,-46.85991,20011656.0,20011656.0,12,2026-04-05T10:05:48.351892
2026-01-27,89459.0,90895.0,86126.0,88308.0,bitcoin,1340619269853.0,16563721112.0,1.0,83.06,0.62723,-5.0492,-46.85991,20011656.0,20011656.0,12,2026-04-05T10:05:48.351892
2026-01-31,88220.0,90316.0,81315.0,84142.0,bitcoin,1340619269853.0,16563721112.0,1.0,83.06,0.62723,-5.0492,-46.85991,20011656.0,20011656.0,12,2026-04-05T10:05:48.351892
2026-02-04,84122.0,84122.0,73112.0,75639.0,bitcoin,1340619269853.0,16563721112.0,1.0,83.06,0.62723,-5.0492,-46.85991,20011656.0,20011656.0,12,2026-04-05T10:05:48.351892
2026-02-08,75650.0,76749.0,60256.0,69297.0,bitcoin,1340619269853.0,16563721112.0,1.0,83.06,0.62723,-5.0492,-46.85991,20011656.0,20011656.0,12,2026-04-05T10:05:48.351892
2026-02-12,69271.0,71852.0,65932.0,66938.0,bitcoin,1340619269853.0,16563721112.0,1.0,83.06,0.62723,-5.0492,-46.85991,20011656.0,20011656.0,12,2026-04-05T10:05:48.351892
2026-02-16,66994.0,70898.0,65243.0,68717.0,bitcoin,1340619269853.0,16563721112.0,1.0,83.06,0.62723,-5.0492,-46.85991,20011656.0,20011656.0,12,2026-04-05T10:05:48.351892
2026-02-20,68781.0,69999.0,65734.0,66919.0,bitcoin,1340619269853.0,16563721112.0,1.0,83.06,0.62723,-5.0492,-46.85991,20011656.0,20011656.0,12,2026-04-05T10:05:48.351892
2026-02-24,66957.0,68637.0,63963.0,64578.0,bitcoin,1340619269853.0,16563721112.0,1.0,83.06,0.62723,-5.0492,-46.85991,20011656.0,20011656.0,12,2026-04-05T10:05:48.351892
2026-02-28,64646.0,69487.0,62803.0,65884.0,bitcoin,1340619269853.0,16563721112.0,1.0,83.06,0.62723,-5.0492,-46.85991,20011656.0,20011656.0,12,2026-04-05T10:05:48.351892
2026-03-04,65879.0,69851.0,63177.0,68322.0,bitcoin,1340619269853.0,16563721112.0,1.0,83.06,0.62723,-5.0492,-46.85991,20011656.0,20011656.0,12,2026-04-05T10:05:48.351892
2026-03-08,68292.0,73953.0,67038.0,67271.0,bitcoin,1340619269853.0,16563721112.0,1.0,83.06,0.62723,-5.0492,-46.85991,20011656.0,20011656.0,12,2026-04-05T10:05:48.351892
2026-03-12,67268.0,71612.0,65727.0,70227.0,bitcoin,1340619269853.0,16563721112.0,1.0,83.06,0.62723,-5.0492,-46.85991,20011656.0,20011656.0,12,2026-04-05T10:05:48.351892
2026-03-16,70203.0,73839.0,69265.0,72682.0,bitcoin,1340619269853.0,16563721112.0,1.0,83.06,0.62723,-5.0492,-46.85991,20011656.0,20011656.0,12,2026-04-05T10:05:48.351892
2026-03-20,72799.0,75937.0,68934.0,69871.0,bitcoin,1340619269853.0,16563721112.0,1.0,83.06,0.62723,-5.0492,-46.85991,20011656.0,20011656.0,12,2026-04-05T10:05:48.351892
2026-03-24,69912.0,71646.0,67564.0,70893.0,bitcoin,1340619269853.0,16563721112.0,1.0,83.06,0.62723,-5.0492,-46.85991,20011656.0,20011656.0,12,2026-04-05T10:05:48.351892
2026-03-28,70917.0,71922.0,65587.0,66321.0,bitcoin,1340619269853.0,16563721112.0,1.0,83.06,0.62723,-5.0492,-46.85991,20011656.0,20011656.0,12,2026-04-05T10:05:48.351892
2026-04-01,66328.0,68286.0,65112.0,68232.0,bitcoin,1340619269853.0,16563721112.0,1.0,83.06,0.62723,-5.0492,-46.85991,20011656.0,20011656.0,12,2026-04-05T10:05:48.351892
2026-04-05,68231.0,69136.0,65819.0,67304.0,bitcoin,1340619269853.0,16563721112.0,1.0,83.06,0.62723,-5.0492,-46.85991,20011656.0,20011656.0,12,2026-04-05T10:05:48.351892
2025-04-06,1814.6,1826.05,1778.36,1809.94,ethereum,246645942430.0,6790041391.0,2.0,76.92,2.05349,-1.51983,-58.67751,120691237.9809391,120691237.9809391,12,2026-04-05T10:05:48.351892
2025-04-10,1806.91,1813.53,1398.62,1662.53,ethereum,246645942430.0,6790041391.0,2.0,76.92,2.05349,-1.51983,-58.67751,120691237.9809391,120691237.9809391,12,2026-04-05T10:05:48.351892
2025-04-14,1667.07,1667.07,1487.25,1595.42,ethereum,246645942430.0,6790041391.0,2.0,76.92,2.05349,-1.51983,-58.67751,120691237.9809391,120691237.9809391,12,2026-04-05T10:05:48.351892
2025-04-18,1596.41,1684.05,1551.41,1583.48,ethereum,246645942430.0,6790041391.0,2.0,76.92,2.05349,-1.51983,-58.67751,120691237.9809391,120691237.9809391,12,2026-04-05T10:05:48.351892
2025-04-22,1583.45,1651.18,1570.08,1577.45,ethereum,246645942430.0,6790041391.0,2.0,76.92,2.05349,-1.51983,-58.67751,120691237.9809391,120691237.9809391,12,2026-04-05T10:05:48.351892
2025-04-26,1578.78,1819.79,1558.65,1788.8,ethereum,246645942430.0,6790041391.0,2.0,76.92,2.05349,-1.51983,-58.67751,120691237.9809391,120691237.9809391,12,2026-04-05T10:05:48.351892
2025-04-30,1787.36,1848.73,1754.97,1796.97,ethereum,246645942430.0,6790041391.0,2.0,76.92,2.05349,-1.51983,-58.67751,120691237.9809391,120691237.9809391,12,2026-04-05T10:05:48.351892
2025-05-04,1798.93,1867.18,1750.28,1834.5,ethereum,246645942430.0,6790041391.0,2.0,76.92,2.05349,-1.51983,-58.67751,120691237.9809391,120691237.9809391,12,2026-04-05T10:05:48.351892
2025-05-08,1834.07,1847.56,1757.78,1810.32,ethereum,246645942430.0,6790041391.0,2.0,76.92,2.05349,-1.51983,-58.67751,120691237.9809391,120691237.9809391,12,2026-04-05T10:05:48.351892
2025-05-12,1811.71,2587.26,1810.91,2507.47,ethereum,246645942430.0,6790041391.0,2.0,76.92,2.05349,-1.51983,-58.67751,120691237.9809391,120691237.9809391,12,2026-04-05T10:05:48.351892
2025-05-16,2509.65,2708.81,2425.76,2542.3,ethereum,246645942430.0,6790041391.0,2.0,76.92,2.05349,-1.51983,-58.67751,120691237.9809391,120691237.9809391,12,2026-04-05T10:05:48.351892
2025-05-20,2545.16,2631.38,2367.75,2526.99,ethereum,246645942430.0,6790041391.0,2.0,76.92,2.05349,-1.51983,-58.67751,120691237.9809391,120691237.9809391,12,2026-04-05T10:05:48.351892
2025-05-24,2527.81,2720.92,2460.59,2519.81,ethereum,246645942430.0,6790041391.0,2.0,76.92,2.05349,-1.51983,-58.67751,120691237.9809391,120691237.9809391,12,2026-04-05T10:05:48.351892
2025-05-28,2520.23,2700.22,2479.53,2662.09,ethereum,246645942430.0,6790041391.0,2.0,76.92,2.05349,-1.51983,-58.67751,120691237.9809391,120691237.9809391,12,2026-04-05T10:05:48.351892
2025-06-01,2662.17,2771.24,2494.41,2532.36,ethereum,246645942430.0,6790041391.0,2.0,76.92,2.05349,-1.51983,-58.67751,120691237.9809391,120691237.9809391,12,2026-04-05T10:05:48.351892
2025-06-05,2531.53,2667.17,2482.52,2610.34,ethereum,246645942430.0,6790041391.0,2.0,76.92,2.05349,-1.51983,-58.67751,120691237.9809391,120691237.9809391,12,2026-04-05T10:05:48.351892
2025-06-09,2609.95,2634.74,2408.52,2508.78,ethereum,246645942430.0,6790041391.0,2.0,76.92,2.05349,-1.51983,-58.67751,120691237.9809391,120691237.9809391,12,2026-04-05T10:05:48.351892
2025-06-13,2509.01,2870.51,2482.7,2653.16,ethereum,246645942430.0,6790041391.0,2.0,76.92,2.05349,-1.51983,-58.67751,120691237.9809391,120691237.9809391,12,2026-04-05T10:05:48.351892
2025-06-17,2650.1,2672.77,2468.26,2561.33,ethereum,246645942430.0,6790041391.0,2.0,76.92,2.05349,-1.51983,-58.67751,120691237.9809391,120691237.9809391,12,2026-04-05T10:05:48.351892
2025-06-21,2548.1,2613.23,2389.71,2405.7,ethereum,246645942430.0,6790041391.0,2.0,76.92,2.05349,-1.51983,-58.67751,120691237.9809391,120691237.9809391,12,2026-04-05T10:05:48.351892
2025-06-25,2406.19,2473.84,2134.88,2446.54,ethereum,246645942430.0,6790041391.0,2.0,76.92,2.05349,-1.51983,-58.67751,120691237.9809391,120691237.9809391,12,2026-04-05T10:05:48.351892
2025-06-29,2447.33,2510.28,2391.69,2437.13,ethereum,246645942430.0,6790041391.0,2.0,76.92,2.05349,-1.51983,-58.67751,120691237.9809391,120691237.9809391,12,2026-04-05T10:05:48.351892
2025-07-03,2436.76,2606.08,2393.31,2574.07,ethereum,246645942430.0,6790041391.0,2.0,76.92,2.05349,-1.51983,-58.67751,120691237.9809391,120691237.9809391,12,2026-04-05T10:05:48.351892
2025-07-07,2572.33,2630.57,2478.63,2571.36,ethereum,246645942430.0,6790041391.0,2.0,76.92,2.05349,-1.51983,-58.67751,120691237.9809391,120691237.9809391,12,2026-04-05T10:05:48.351892
2025-07-11,2570.82,2979.89,2521.06,2948.45,ethereum,246645942430.0,6790041391.0,2.0,76.92,2.05349,-1.51983,-58.67751,120691237.9809391,120691237.9809391,12,2026-04-05T10:05:48.351892
2025-07-15,2948.78,3074.13,2908.75,3012.18,ethereum,246645942430.0,6790041391.0,2.0,76.92,2.05349,-1.51983,-58.67751,120691237.9809391,120691237.9809391,12,2026-04-05T10:05:48.351892
2025-07-19,3013.07,3669.85,2942.21,3547.32,ethereum,246645942430.0,6790041391.0,2.0,76.92,2.05349,-1.51983,-58.67751,120691237.9809391,120691237.9809391,12,2026-04-05T10:05:48.351892
2025-07-23,3548.42,3848.92,3523.94,3746.94,ethereum,246645942430.0,6790041391.0,2.0,76.92,2.05349,-1.51983,-58.67751,120691237.9809391,120691237.9809391,12,2026-04-05T10:05:48.351892
2025-07-27,3745.23,3773.65,3530.3,3742.43,ethereum,246645942430.0,6790041391.0,2.0,76.92,2.05349,-1.51983,-58.67751,120691237.9809391,120691237.9809391,12,2026-04-05T10:05:48.351892
2025-07-31,3739.71,3936.94,3708.13,3807.42,ethereum,246645942430.0,6790041391.0,2.0,76.92,2.05349,-1.51983,-58.67751,120691237.9809391,120691237.9809391,12,2026-04-05T10:05:48.351892
2025-08-04,3807.38,3874.37,3373.55,3497.57,ethereum,246645942430.0,6790041391.0,2.0,76.92,2.05349,-1.51983,-58.67751,120691237.9809391,120691237.9809391,12,2026-04-05T10:05:48.351892
2025-08-08,3497.79,3917.17,3495.1,3911.26,ethereum,246645942430.0,6790041391.0,2.0,76.92,2.05349,-1.51983,-58.67751,120691237.9809391,120691237.9809391,12,2026-04-05T10:05:48.351892
2025-08-12,3907.6,4347.28,3884.64,4228.82,ethereum,246645942430.0,6790041391.0,2.0,76.92,2.05349,-1.51983,-58.67751,120691237.9809391,120691237.9809391,12,2026-04-05T10:05:48.351892
2025-08-16,4226.51,4779.0,4226.51,4430.53,ethereum,246645942430.0,6790041391.0,2.0,76.92,2.05349,-1.51983,-58.67751,120691237.9809391,120691237.9809391,12,2026-04-05T10:05:48.351892
2025-08-20,4437.62,4563.72,4074.5,4074.5,ethereum,246645942430.0,6790041391.0,2.0,76.92,2.05349,-1.51983,-58.67751,120691237.9809391,120691237.9809391,12,2026-04-05T10:05:48.351892
2025-08-24,4080.65,4877.09,4074.75,4773.88,ethereum,246645942430.0,6790041391.0,2.0,76.92,2.05349,-1.51983,-58.67751,120691237.9809391,120691237.9809391,12,2026-04-05T10:05:48.351892
2025-08-28,4782.43,4946.05,4341.54,4500.15,ethereum,246645942430.0,6790041391.0,2.0,76.92,2.05349,-1.51983,-58.67751,120691237.9809391,120691237.9809391,12,2026-04-05T10:05:48.351892
2025-09-01,4503.25,4625.35,4279.96,4388.93,ethereum,246645942430.0,6790041391.0,2.0,76.92,2.05349,-1.51983,-58.67751,120691237.9809391,120691237.9809391,12,2026-04-05T10:05:48.351892
2025-09-05,4385.61,4486.12,4238.45,4298.09,ethereum,246645942430.0,6790041391.0,2.0,76.92,2.05349,-1.51983,-58.67751,120691237.9809391,120691237.9809391,12,2026-04-05T10:05:48.351892
2025-09-09,4302.63,4467.61,4250.48,4309.69,ethereum,246645942430.0,6790041391.0,2.0,76.92,2.05349,-1.51983,-58.67751,120691237.9809391,120691237.9809391,12,2026-04-05T10:05:48.351892
2025-09-13,4307.14,4721.04,4279.58,4708.84,ethereum,246645942430.0,6790041391.0,2.0,76.92,2.05349,-1.51983,-58.67751,120691237.9809391,120691237.9809391,12,2026-04-05T10:05:48.351892
2025-09-17,4707.47,4762.74,4431.42,4504.27,ethereum,246645942430.0,6790041391.0,2.0,76.92,2.05349,-1.51983,-58.67751,120691237.9809391,120691237.9809391,12,2026-04-05T10:05:48.351892
2025-09-21,4503.4,4637.85,4440.0,4481.8,ethereum,246645942430.0,6790041391.0,2.0,76.92,2.05349,-1.51983,-58.67751,120691237.9809391,120691237.9809391,12,2026-04-05T10:05:48.351892
2025-09-25,4481.48,4497.46,4100.86,4148.66,ethereum,246645942430.0,6790041391.0,2.0,76.92,2.05349,-1.51983,-58.67751,120691237.9809391,120691237.9809391,12,2026-04-05T10:05:48.351892
2025-09-29,4152.85,4160.04,3833.75,4141.84,ethereum,246645942430.0,6790041391.0,2.0,76.92,2.05349,-1.51983,-58.67751,120691237.9809391,120691237.9809391,12,2026-04-05T10:05:48.351892
2025-10-03,4139.68,4514.81,4089.64,4484.01,ethereum,246645942430.0,6790041391.0,2.0,76.92,2.05349,-1.51983,-58.67751,120691237.9809391,120691237.9809391,12,2026-04-05T10:05:48.351892
2025-10-07,4484.18,4734.99,4443.26,4689.13,ethereum,246645942430.0,6790041391.0,2.0,76.92,2.05349,-1.51983,-58.67751,120691237.9809391,120691237.9809391,12,2026-04-05T10:05:48.351892
2025-10-11,4690.84,4753.34,3574.79,3835.63,ethereum,246645942430.0,6790041391.0,2.0,76.92,2.05349,-1.51983,-58.67751,120691237.9809391,120691237.9809391,12,2026-04-05T10:05:48.351892
2025-10-15,3841.67,4283.09,3664.38,4128.89,ethereum,246645942430.0,6790041391.0,2.0,76.92,2.05349,-1.51983,-58.67751,120691237.9809391,120691237.9809391,12,2026-04-05T10:05:48.351892
2025-10-19,4126.24,4203.8,3687.73,3889.5,ethereum,246645942430.0,6790041391.0,2.0,76.92,2.05349,-1.51983,-58.67751,120691237.9809391,120691237.9809391,12,2026-04-05T10:05:48.351892
2025-10-23,3890.02,4106.4,3726.29,3801.79,ethereum,246645942430.0,6790041391.0,2.0,76.92,2.05349,-1.51983,-58.67751,120691237.9809391,120691237.9809391,12,2026-04-05T10:05:48.351892
2025-10-27,3805.88,4172.98,3805.8,4161.59,ethereum,246645942430.0,6790041391.0,2.0,76.92,2.05349,-1.51983,-58.67751,120691237.9809391,120691237.9809391,12,2026-04-05T10:05:48.351892
2025-10-31,4158.57,4246.23,3687.02,3802.3,ethereum,246645942430.0,6790041391.0,2.0,76.92,2.05349,-1.51983,-58.67751,120691237.9809391,120691237.9809391,12,2026-04-05T10:05:48.351892
2025-11-04,3801.55,3911.96,3572.5,3600.72,ethereum,246645942430.0,6790041391.0,2.0,76.92,2.05349,-1.51983,-58.67751,120691237.9809391,120691237.9809391,12,2026-04-05T10:05:48.351892
2025-11-08,3600.36,3649.01,3097.71,3434.35,ethereum,246645942430.0,6790041391.0,2.0,76.92,2.05349,-1.51983,-58.67751,120691237.9809391,120691237.9809391,12,2026-04-05T10:05:48.351892
2025-11-12,3426.4,3647.92,3360.28,3416.78,ethereum,246645942430.0,6790041391.0,2.0,76.92,2.05349,-1.51983,-58.67751,120691237.9809391,120691237.9809391,12,2026-04-05T10:05:48.351892
2025-11-16,3416.07,3583.32,3078.56,3170.11,ethereum,246645942430.0,6790041391.0,2.0,76.92,2.05349,-1.51983,-58.67751,120691237.9809391,120691237.9809391,12,2026-04-05T10:05:48.351892
2025-11-20,3169.7,3241.23,2872.51,3017.75,ethereum,246645942430.0,6790041391.0,2.0,76.92,2.05349,-1.51983,-58.67751,120691237.9809391,120691237.9809391,12,2026-04-05T10:05:48.351892
2025-11-24,3020.94,3051.09,2632.87,2799.81,ethereum,246645942430.0,6790041391.0,2.0,76.92,2.05349,-1.51983,-58.67751,120691237.9809391,120691237.9809391,12,2026-04-05T10:05:48.351892
2025-11-28,2798.91,3066.28,2770.21,3015.61,ethereum,246645942430.0,6790041391.0,2.0,76.92,2.05349,-1.51983,-58.67751,120691237.9809391,120691237.9809391,12,2026-04-05T10:05:48.351892
2025-12-02,3014.82,3090.81,2724.95,2799.04,ethereum,246645942430.0,6790041391.0,2.0,76.92,2.05349,-1.51983,-58.67751,120691237.9809391,120691237.9809391,12,2026-04-05T10:05:48.351892
2025-12-06,2796.73,3231.79,2785.45,3022.66,ethereum,246645942430.0,6790041391.0,2.0,76.92,2.05349,-1.51983,-58.67751,120691237.9809391,120691237.9809391,12,2026-04-05T10:05:48.351892
2025-12-10,3019.83,3388.4,2941.77,3322.47,ethereum,246645942430.0,6790041391.0,2.0,76.92,2.05349,-1.51983,-58.67751,120691237.9809391,120691237.9809391,12,2026-04-05T10:05:48.351892
2025-12-14,3318.72,3432.93,3054.43,3115.23,ethereum,246645942430.0,6790041391.0,2.0,76.92,2.05349,-1.51983,-58.67751,120691237.9809391,120691237.9809391,12,2026-04-05T10:05:48.351892
2025-12-18,3115.27,3171.02,2796.23,2827.8,ethereum,246645942430.0,6790041391.0,2.0,76.92,2.05349,-1.51983,-58.67751,120691237.9809391,120691237.9809391,12,2026-04-05T10:05:48.351892
2025-12-22,2832.47,3005.37,2781.74,3001.6,ethereum,246645942430.0,6790041391.0,2.0,76.92,2.05349,-1.51983,-58.67751,120691237.9809391,120691237.9809391,12,2026-04-05T10:05:48.351892
2025-12-26,3004.22,3065.1,2893.8,2904.25,ethereum,246645942430.0,6790041391.0,2.0,76.92,2.05349,-1.51983,-58.67751,120691237.9809391,120691237.9809391,12,2026-04-05T10:05:48.351892
2025-12-30,2901.68,3049.93,2896.35,2934.22,ethereum,246645942430.0,6790041391.0,2.0,76.92,2.05349,-1.51983,-58.67751,120691237.9809391,120691237.9809391,12,2026-04-05T10:05:48.351892
2026-01-03,2934.36,3144.27,2920.49,3121.9,ethereum,246645942430.0,6790041391.0,2.0,76.92,2.05349,-1.51983,-58.67751,120691237.9809391,120691237.9809391,12,2026-04-05T10:05:48.351892
2026-01-07,3124.92,3300.17,3080.89,3295.1,ethereum,246645942430.0,6790041391.0,2.0,76.92,2.05349,-1.51983,-58.67751,120691237.9809391,120691237.9809391,12,2026-04-05T10:05:48.351892
2026-01-11,3292.52,3292.52,3058.45,3082.97,ethereum,246645942430.0,6790041391.0,2.0,76.92,2.05349,-1.51983,-58.67751,120691237.9809391,120691237.9809391,12,2026-04-05T10:05:48.351892
2026-01-15,3081.69,3386.55,3071.03,3356.5,ethereum,246645942430.0,6790041391.0,2.0,76.92,2.05349,-1.51983,-58.67751,120691237.9809391,120691237.9809391,12,2026-04-05T10:05:48.351892
2026-01-19,3354.68,3378.86,3258.59,3284.32,ethereum,246645942430.0,6790041391.0,2.0,76.92,2.05349,-1.51983,-58.67751,120691237.9809391,120691237.9809391,12,2026-04-05T10:05:48.351892
2026-01-23,3281.73,3281.73,2872.06,2948.28,ethereum,246645942430.0,6790041391.0,2.0,76.92,2.05349,-1.51983,-58.67751,120691237.9809391,120691237.9809391,12,2026-04-05T10:05:48.351892
2026-01-27,2949.66,3005.15,2787.35,2927.84,ethereum,246645942430.0,6790041391.0,2.0,76.92,2.05349,-1.51983,-58.67751,120691237.9809391,120691237.9809391,12,2026-04-05T10:05:48.351892
2026-01-31,2924.81,3036.85,2641.68,2702.41,ethereum,246645942430.0,6790041391.0,2.0,76.92,2.05349,-1.51983,-58.67751,120691237.9809391,120691237.9809391,12,2026-04-05T10:05:48.351892
2026-02-04,2702.88,2709.04,2117.03,2226.99,ethereum,246645942430.0,6790041391.0,2.0,76.92,2.05349,-1.51983,-58.67751,120691237.9809391,120691237.9809391,12,2026-04-05T10:05:48.351892
2026-02-08,2229.7,2287.16,1756.73,2091.04,ethereum,246645942430.0,6790041391.0,2.0,76.92,2.05349,-1.51983,-58.67751,120691237.9809391,120691237.9809391,12,2026-04-05T10:05:48.351892
2026-02-12,2089.39,2140.2,1911.96,1939.43,ethereum,246645942430.0,6790041391.0,2.0,76.92,2.05349,-1.51983,-58.67751,120691237.9809391,120691237.9809391,12,2026-04-05T10:05:48.351892
2026-02-16,1940.58,2100.05,1902.17,1963.96,ethereum,246645942430.0,6790041391.0,2.0,76.92,2.05349,-1.51983,-58.67751,120691237.9809391,120691237.9809391,12,2026-04-05T10:05:48.351892
2026-02-20,1965.16,2030.77,1914.26,1946.91,ethereum,246645942430.0,6790041391.0,2.0,76.92,2.05349,-1.51983,-58.67751,120691237.9809391,120691237.9809391,12,2026-04-05T10:05:48.351892
2026-02-24,1948.07,1994.42,1845.98,1853.7,ethereum,246645942430.0,6790041391.0,2.0,76.92,2.05349,-1.51983,-58.67751,120691237.9809391,120691237.9809391,12,2026-04-05T10:05:48.351892
2026-02-28,1856.09,2121.02,1807.63,1931.32,ethereum,246645942430.0,6790041391.0,2.0,76.92,2.05349,-1.51983,-58.67751,120691237.9809391,120691237.9809391,12,2026-04-05T10:05:48.351892
2026-03-04,1930.31,2072.0,1841.29,1982.46,ethereum,246645942430.0,6790041391.0,2.0,76.92,2.05349,-1.51983,-58.67751,120691237.9809391,120691237.9809391,12,2026-04-05T10:05:48.351892
2026-03-08,1981.4,2192.82,1948.58,1969.69,ethereum,246645942430.0,6790041391.0,2.0,76.92,2.05349,-1.51983,-58.67751,120691237.9809391,120691237.9809391,12,2026-04-05T10:05:48.351892
2026-03-12,1969.78,2084.64,1922.33,2051.73,ethereum,246645942430.0,6790041391.0,2.0,76.92,2.05349,-1.51983,-58.67751,120691237.9809391,120691237.9809391,12,2026-04-05T10:05:48.351892
2026-03-16,2052.16,2200.03,2020.71,2175.06,ethereum,246645942430.0,6790041391.0,2.0,76.92,2.05349,-1.51983,-58.67751,120691237.9809391,120691237.9809391,12,2026-04-05T10:05:48.351892
2026-03-20,2177.72,2377.64,2104.6,2137.45,ethereum,246645942430.0,6790041391.0,2.0,76.92,2.05349,-1.51983,-58.67751,120691237.9809391,120691237.9809391,12,2026-04-05T10:05:48.351892
2026-03-24,2136.1,2186.9,2030.61,2151.5,ethereum,246645942430.0,6790041391.0,2.0,76.92,2.05349,-1.51983,-58.67751,120691237.9809391,120691237.9809391,12,2026-04-05T10:05:48.351892
2026-03-28,2150.13,2196.43,1972.03,1991.9,ethereum,246645942430.0,6790041391.0,2.0,76.92,2.05349,-1.51983,-58.67751,120691237.9809391,120691237.9809391,12,2026-04-05T10:05:48.351892
2026-04-01,1990.82,2114.72,1947.32,2104.88,ethereum,246645942430.0,6790041391.0,2.0,76.92,2.05349,-1.51983,-58.67751,120691237.9809391,120691237.9809391,12,2026-04-05T10:05:48.351892
2026-04-05,2103.22,2161.5,2018.64,2064.99,ethereum,246645942430.0,6790041391.0,2.0,76.92,2.05349,-1.51983,-58.67751,120691237.9809391,120691237.9809391,12,2026-04-05T10:05:48.351892
2025-04-06,0.999644,0.999759,0.999529,0.999605,tether,,,,,,,,,,12,2026-04-05T10:05:48.351892
2025-04-10,0.999597,0.999967,0.998787,0.999762,tether,,,,,,,,,,12,2026-04-05T10:05:48.351892
2025-04-14,0.999744,0.999912,0.999251,0.999712,tether,,,,,,,,,,12,2026-04-05T10:05:48.351892
2025-04-18,0.999706,1.0,0.999603,1.0,tether,,,,,,,,,,12,2026-04-05T10:05:48.351892
2025-04-22,1.0,1.0,0.999797,1.0,tether,,,,,,,,,,12,2026-04-05T10:05:48.351892
2025-04-26,1.0,1.001,0.999954,1.001,tether,,,,,,,,,,12,2026-04-05T10:05:48.351892
2025-04-30,1.001,1.001,1.0,1.0,tether,,,,,,,,,,12,2026-04-05T10:05:48.351892
2025-05-04,1.0,1.0,0.999922,1.0,tether,,,,,,,,,,12,2026-04-05T10:05:48.351892
2025-05-08,1.0,1.0,0.999704,1.0,tether,,,,,,,,,,12,2026-04-05T10:05:48.351892
2025-05-12,1.0,1.0,0.999691,1.0,tether,,,,,,,,,,12,2026-04-05T10:05:48.351892
2025-05-16,1.0,1.0,0.99989,1.0,tether,,,,,,,,,,12,2026-04-05T10:05:48.351892
2025-05-20,1.0,1.0,1.0,1.0,tether,,,,,,,,,,12,2026-04-05T10:05:48.351892
2025-05-24,1.0,1.001,0.999814,1.0,tether,,,,,,,,,,12,2026-04-05T10:05:48.351892
2025-05-28,1.0,1.0,1.0,1.0,tether,,,,,,,,,,12,2026-04-05T10:05:48.351892
2025-06-01,1.0,1.0,0.999907,1.0,tether,,,,,,,,,,12,2026-04-05T10:05:48.351892
2025-06-05,1.0,1.001,1.0,1.0,tether,,,,,,,,,,12,2026-04-05T10:05:48.351892
2025-06-09,1.0,1.001,0.999965,1.0,tether,,,,,,,,,,12,2026-04-05T10:05:48.351892
2025-06-13,1.0,1.0,0.999898,1.0,tether,,,,,,,,,,12,2026-04-05T10:05:48.351892
2025-06-17,1.0,1.001,0.999866,1.0,tether,,,,,,,,,,12,2026-04-05T10:05:48.351892
2025-06-21,1.0,1.0,0.999892,1.0,tether,,,,,,,,,,12,2026-04-05T10:05:48.351892
2025-06-25,1.0,1.001,1.0,1.0,tether,,,,,,,,,,12,2026-04-05T10:05:48.351892
2025-06-29,1.0,1.001,1.0,1.0,tether,,,,,,,,,,12,2026-04-05T10:05:48.351892
2025-07-03,1.0,1.001,1.0,1.0,tether,,,,,,,,,,12,2026-04-05T10:05:48.351892
2025-07-07,1.0,1.0,1.0,1.0,tether,,,,,,,,,,12,2026-04-05T10:05:48.351892
2025-07-11,1.0,1.001,0.999879,1.0,tether,,,,,,,,,,12,2026-04-05T10:05:48.351892
2025-07-15,1.0,1.0,0.999906,1.0,tether,,,,,,,,,,12,2026-04-05T10:05:48.351892
2025-07-19,1.0,1.001,0.999659,1.001,tether,,,,,,,,,,12,2026-04-05T10:05:48.351892
2025-07-23,1.001,1.001,1.0,1.0,tether,,,,,,,,,,12,2026-04-05T10:05:48.351892
2025-07-27,1.0,1.001,0.999967,1.0,tether,,,,,,,,,,12,2026-04-05T10:05:48.351892
2025-07-31,1.0,1.0,0.99965,0.999902,tether,,,,,,,,,,12,2026-04-05T10:05:48.351892
2025-08-04,0.999898,1.0,0.999454,1.0,tether,,,,,,,,,,12,2026-04-05T10:05:48.351892
2025-08-08,1.0,1.0,0.999744,1.0,tether,,,,,,,,,,12,2026-04-05T10:05:48.351892
2025-08-12,1.0,1.0,0.999642,0.999983,tether,,,,,,,,,,12,2026-04-05T10:05:48.351892
2025-08-16,0.999991,1.001,0.999694,1.001,tether,,,,,,,,,,12,2026-04-05T10:05:48.351892
2025-08-20,1.001,1.001,0.99985,0.999895,tether,,,,,,,,,,12,2026-04-05T10:05:48.351892
2025-08-24,0.999823,1.0,0.999486,0.99964,tether,,,,,,,,,,12,2026-04-05T10:05:48.351892
2025-08-28,0.999647,1.0,0.999636,1.0,tether,,,,,,,,,,12,2026-04-05T10:05:48.351892
2025-09-01,1.0,1.0,1.0,1.0,tether,,,,,,,,,,12,2026-04-05T10:05:48.351892
2025-09-05,1.0,1.0,0.999948,1.0,tether,,,,,,,,,,12,2026-04-05T10:05:48.351892
2025-09-09,1.0,1.0,0.999895,1.0,tether,,,,,,,,,,12,2026-04-05T10:05:48.351892
2025-09-13,1.0,1.001,0.99994,1.001,tether,,,,,,,,,,12,2026-04-05T10:05:48.351892
2025-09-17,1.001,1.001,1.0,1.0,tether,,,,,,,,,,12,2026-04-05T10:05:48.351892
2025-09-21,1.0,1.001,0.999683,1.0,tether,,,,,,,,,,12,2026-04-05T10:05:48.351892
2025-09-25,1.0,1.001,1.0,1.0,tether,,,,,,,,,,12,2026-04-05T10:05:48.351892
2025-09-29,1.0,1.001,1.0,1.0,tether,,,,,,,,,,12,2026-04-05T10:05:48.351892
2025-10-03,1.0,1.001,0.99982,1.001,tether,,,,,,,,,,12,2026-04-05T10:05:48.351892
2025-10-07,1.0,1.001,1.0,1.0,tether,,,,,,,,,,12,2026-04-05T10:05:48.351892
2025-10-11,1.0,1.009,1.0,1.002,tether,,,,,,,,,,12,2026-04-05T10:05:48.351892
2025-10-15,1.002,1.002,1.001,1.001,tether,,,,,,,,,,12,2026-04-05T10:05:48.351892
2025-10-19,1.001,1.001,1.0,1.001,tether,,,,,,,,,,12,2026-04-05T10:05:48.351892
2025-10-23,1.001,1.001,1.0,1.0,tether,,,,,,,,,,12,2026-04-05T10:05:48.351892
2025-10-27,1.0,1.001,1.0,1.0,tether,,,,,,,,,,12,2026-04-05T10:05:48.351892
2025-10-31,1.0,1.0,0.9999,1.0,tether,,,,,,,,,,12,2026-04-05T10:05:48.351892
2025-11-04,1.0,1.0,0.999307,0.999931,tether,,,,,,,,,,12,2026-04-05T10:05:48.351892
2025-11-08,0.999908,1.0,0.998843,0.999704,tether,,,,,,,,,,12,2026-04-05T10:05:48.351892
2025-11-12,0.999476,1.0,0.999226,0.999349,tether,,,,,,,,,,12,2026-04-05T10:05:48.351892
2025-11-16,0.999437,1.001,0.99822,0.999625,tether,,,,,,,,,,12,2026-04-05T10:05:48.351892
2025-11-20,0.999617,1.003,0.99857,0.999136,tether,,,,,,,,,,12,2026-04-05T10:05:48.351892
2025-11-24,0.999185,0.999882,0.998539,0.999798,tether,,,,,,,,,,12,2026-04-05T10:05:48.351892
2025-11-28,0.999823,1.0,0.999451,0.999999,tether,,,,,,,,,,12,2026-04-05T10:05:48.351892
2025-12-02,0.999985,1.0,0.999739,1.0,tether,,,,,,,,,,12,2026-04-05T10:05:48.351892
2025-12-06,1.0,1.001,0.999945,1.0,tether,,,,,,,,,,12,2026-04-05T10:05:48.351892
2025-12-10,1.0,1.0,0.999896,1.0,tether,,,,,,,,,,12,2026-04-05T10:05:48.351892
2025-12-14,1.0,1.0,0.999999,1.0,tether,,,,,,,,,,12,2026-04-05T10:05:48.351892
2025-12-18,1.0,1.0,0.999674,0.9998,tether,,,,,,,,,,12,2026-04-05T10:05:48.351892
2025-12-22,0.99982,0.999875,0.999381,0.999788,tether,,,,,,,,,,12,2026-04-05T10:05:48.351892
2025-12-26,0.999783,0.999879,0.998441,0.999519,tether,,,,,,,,,,12,2026-04-05T10:05:48.351892
2025-12-30,0.999512,0.999675,0.998811,0.998916,tether,,,,,,,,,,12,2026-04-05T10:05:48.351892
2026-01-03,0.99891,0.99965,0.998445,0.999598,tether,,,,,,,,,,12,2026-04-05T10:05:48.351892
2026-01-07,0.999601,1.0,0.999297,0.999662,tether,,,,,,,,,,12,2026-04-05T10:05:48.351892
2026-01-11,0.999666,0.999666,0.99864,0.99875,tether,,,,,,,,,,12,2026-04-05T10:05:48.351892
2026-01-15,0.998766,1.0,0.998573,0.999965,tether,,,,,,,,,,12,2026-04-05T10:05:48.351892
2026-01-19,0.999922,0.999953,0.999463,0.999629,tether,,,,,,,,,,12,2026-04-05T10:05:48.351892
2026-01-23,0.999633,0.999662,0.998632,0.99905,tether,,,,,,,,,,12,2026-04-05T10:05:48.351892
2026-01-27,0.999073,0.999306,0.998356,0.998955,tether,,,,,,,,,,12,2026-04-05T10:05:48.351892
2026-01-31,0.998959,0.999892,0.998191,0.998523,tether,,,,,,,,,,12,2026-04-05T10:05:48.351892
2026-02-04,0.998532,0.999478,0.998338,0.998717,tether,,,,,,,,,,12,2026-04-05T10:05:48.351892
2026-02-08,0.998623,0.999871,0.997653,0.999431,tether,,,,,,,,,,12,2026-04-05T10:05:48.351892
2026-02-12,0.999406,0.999914,0.999051,0.999412,tether,,,,,,,,,,12,2026-04-05T10:05:48.351892
2026-02-16,0.999411,0.999939,0.99917,0.999591,tether,,,,,,,,,,12,2026-04-05T10:05:48.351892
2026-02-20,0.999601,0.999849,0.999424,0.999665,tether,,,,,,,,,,12,2026-04-05T10:05:48.351892
2026-02-24,0.99961,1.0,0.999412,0.999719,tether,,,,,,,,,,12,2026-04-05T10:05:48.351892
2026-02-28,0.999692,1.0,0.999502,1.0,tether,,,,,,,,,,12,2026-04-05T10:05:48.351892
2026-03-04,1.0,1.001,0.999549,1.0,tether,,,,,,,,,,12,2026-04-05T10:05:48.351892
2026-03-08,1.0,1.0,0.999824,0.999979,tether,,,,,,,,,,12,2026-04-05T10:05:48.351892
2026-03-12,0.999931,1.0,0.999714,1.0,tether,,,,,,,,,,12,2026-04-05T10:05:48.351892
2026-03-16,1.0,1.001,0.999899,1.0,tether,,,,,,,,,,12,2026-04-05T10:05:48.351892
2026-03-20,1.0,1.0,0.999888,1.0,tether,,,,,,,,,,12,2026-04-05T10:05:48.351892
2026-03-24,1.0,1.0,0.999563,0.999728,tether,,,,,,,,,,12,2026-04-05T10:05:48.351892
2026-03-28,0.99974,0.999828,0.999151,0.999309,tether,,,,,,,,,,12,2026-04-05T10:05:48.351892
2026-04-01,0.999323,0.999411,0.998968,0.999103,tether,,,,,,,,,,12,2026-04-05T10:05:48.351892
2026-04-05,0.999095,1.0,0.999095,0.999948,tether,,,,,,,,,,12,2026-04-05T10:05:48.351892
